id,question,choice1,choice2,choice3,choice4,explanation,img,category
1-1,令和4年の日本の出産数に最も近いのはどれか,７７万人,５７万人,９７万人,１１７万人,正解：７７万人\n令和４年度の人口動態統計によると日本の出生数は７７万７５９人であり明治３２年の人口動態調査開始以来最少となった。第１１４回全国公開模擬試験にあります。,img/1-1.png,必修
1-2,令和元年の国民健康・栄養調査における１日の平均睡眠時間で最も多いのはどれか,6時間以上7時間未満,5時間未満,8時間以上9時間未満,9時間以上,正解：6時間以上7時間未満\n令和元年度の国民健康・栄養調査によると1日平均睡眠時間は6時間以上7時間未満の割合が最も高く男性32.7％、女性は36.2％です。第１１４回全国公開模擬試験にあります。,img/1-2.png,必修
1-3,仕事と生活の調和憲章で正しいのはどれか,多様な生き方が選択・実現できる社会を目指している,女性の社会進出を促進するために策定された,パートタイム労働者については言及していない,厚生労働省により提案された,正解：多様な生き方が選択・実現できる社会を目指している\nワークライフバランスは内閣府が推進していいます。姓や年齢などにかかわらず、だれもが自らの意欲と能力を持って様々な働き方や生き方に挑戦できるよう推定されました。短時間労働者及び有期雇用労働者の雇用管理の改善等に関する法律など、パートタイム労働者の働き方について改善策も展開しています。関係閣僚、経済界、労働界、地方公共団体の代表等から構成される仕事と生活の調和推進官民トップ会議において策定されました。第１１４回全国公開模擬試験にあります。,img/1-3.png,必修
1-4,介護保険で正しいのはどれか,要介護1は介護給付の対象となる,65歳以上の実が給付を受けられる,在宅の改修は給付されない,要支援2は介護給付の対象となる,正解：要介護1は介護給付の対象となる\n介護保険は40歳以上65歳未満の第二号被保険者は海嶺に伴う疾病が原因で要介護・要支援認定を受けた場合、給付の対象となります。一定の条件を満たす要介護・要支援者の住宅改修に給付されます。要支援1～2は予防給付の対象となります。要介護1～5は介護きゅふの対象となります。第１１４回全国公開模擬試験にあります。,img/1-4.png,必修
1-5,大泉門が閉鎖する時期はどれか,1歳6か月頃,2～3か月頃,6か月頃,2～3歳頃,正解：1歳6か月頃\n大泉門は初めの数か月は増大するがその後は収縮して1歳6か月頃までは閉鎖します。第１１４回全国公開模擬試験にあります。,img/1-5.png,必修
1-6,令和4年度の全国体力・運動習慣等調査の結果で正しいのはどれか,ちょう座体前屈は男女ともに向上した,体力合計点は男女ともに上昇した,肥満の割合は男女ともに低下した,上体起こしは男女ともに向上した,正解：長座体前屈は男女ともに向上した\n体力合計点は令和元年度調査から連続して小中学生男女ともに低下しました。小中学生の男女ともに肥満の割合は増加しています。上体起こしの能力は低下しています。第１１４回全国公開模擬試験にあります。,img/1-6.png,必修
1-7,疾病が患者・家族に与える心理・社会影響の説明で適切なのはどれか,患者の回復意欲は家族のかかわり方により変化する,患者の疾病のとらえ方はどの家族でも同じである,家族の1人が健康を害したとき他の家族の役割に変化はしない,経済的負担は影響しない,正解：患者の回復意欲は家族のかかわり方により変化する\n家族の一人が健康を害したとき価値観や生活様式の違う各各の家族によってその疾病のとらえ方は異なり、家族は援助や介護をする役割が増え家族間での役割交代が生じる可能性があります。家族の一人が健康を害したとき入院費、治療費など患者にかかる費用だけでなく、患者を取り巻く家族の経済的な負担も派生し、心理社会的にも影響を与える。第１１４回全国公開模擬試験にあります。,img/1-7.png,必修
1-8,細胞性免疫で正しいのはどれか,Ｔ細胞が関与する,Ｂ細胞が関与する,免疫抗体と補体が関与する,直ちに非自己の排除が行われる,正解：T細胞が関与する\n細胞性免疫は細胞の内に入り込んだ病原体そのものやウイルス感染細胞、がん細胞などの異物として排除サウル免疫機構で細胞傷害性T細胞やマクロファージなどが行う。体液中に放出された抗体や保体による異物の排除は液性免疫といいます。B細胞は液性免疫に関与します。免疫抗体は液性免疫です。直ちに免疫反応が起こるのは液性免疫です。第１１４回全国公開模擬試験にあります。,img/1-8.png,必修
1-9,排尿時に収縮するのはどれか,排尿筋,内尿道括約筋,外尿道括約筋,尿管,正解：排尿筋\n排尿時、は内・外尿道括約筋は弛緩します。尿管は平滑筋からなる長さ20～30ｃｍの管です。尿は尿管の平滑筋の蠕動運動によって膀胱へと移動します。第１１４回全国公開模擬試験にあります。,img/1-9.png,必修
1-10,脳死半手にに必要な検査はどれか,脳波検査,聴覚検査,心電図検査,筋電図検査,正解：脳波検査\n脳死の判断は瞳孔の散大、脳幹反射消失、無呼吸などが対象となり、二回の判定が行われます。第１１４回全国公開模擬試験にあります。,img/1-10.png,必修
1-11,吐血の主な特徴はどれか,酸性である,肺や気管支などから出血が要因である,神経原性ショックに陥る,喀痰を伴う,正解：酸性である\n肺や気管支からの出血、咳嗽は喀血の症状です。吐血は上部消化管からの出血です。大量に血液を履いた場合は循環血液減少性ショックに陥る可能性があります。第１１４回全国公開模擬試験にあります。,img/1-11.png,必修
1-12,リズム不整があるのはどれか,3度房室ブロック,ペースメーカーを挿入している状態,洞性頻脈,洞性徐脈,正解：3度房室ブロック\nペースメーカーは洞調律を司ります。洞調律で心拍数が100回/分以上を洞性頻脈、60回/分未満を洞性徐脈といいます。第１１４回全国公開模擬試験にあります。,img/1-12.png,必修
1-13,頻回の嘔吐で生じやすいのはどれか,代謝性アルカローシス,体重増加,呼吸性アルカローシス,貧血,正解：代謝性アルカローシス\n頻回な嘔吐により体重は低下します。呼吸性アルカローシスは過換気症候群などにより必要以上にCO2が排出され動脈血二酸化炭素分圧が低下、ｐｈが上昇した状態をいいます。嘔吐時に大量の吐血などがなければ貧血は起こりません。第１１４回全国公開模擬試験にあります。,img/1-13.png,必修
1-14,ループ利尿薬の使用により最も影響を受ける電解質はどれか,カリウム,カルシウム,リン,クロール,正解：カリウム\n一部のサイアザイド利尿薬により高カルシウム血症が見られることがありますが、ループ利尿薬ではカルシウムに影響が少ないです。リンはループ利尿薬により影響は少ないです。ループ利尿薬は主にヘンレ上行脚で原尿からのナトリウム、カリウム、クロールの再吸収を阻害しそれに伴う水の排泄を促進するがナトリウム、クロールの低下には園医尿細管で代償作用が働くため影響は少ないです。カリウムは摂取量が少ないと低カリウム血症が見られることがあります。第１１４回全国公開模擬試験にあります。,img/1-14,必修
1-15,成人の血圧測定に用いる上腕用マンシェットの幅で最も適切なのはどれか,14㎝,4㎝,24㎝,34㎝,正解：14㎝\nマンシェットの幅はJIS規格では成人14㎝、成人18㎝、9歳以上12㎝、6～9歳未満9cm、3～6歳未満7㎝、生後3か月～三歳未満5cm、生後3か月未満3㎝となっています。測定部位の周囲の長さの40％程度が適切な幅であるとされそれより幅が狭いと本来の測定値より高く幅が狭いと低くなります。第１１４回全国公開模擬試験にあります。,img/1-15.png,必修
1-16,右半身に麻痺がある患者の車いすへの移乗で最も適切なのはどれか,ベッドの左側にベッドに対して20～30度の角度で車いすを置く,ベッドの右側にベッドに対して20～30度の角度で車いすを置く,ベッドの左側にベッドに対して90度の角度で車いすを置く,看護師は患者の左側に立って介助する,正解：ベッドの左側にベッドのに対して20～30度の角度で車いすを置く\n車いすを患側に置くと患側から遠くなり患側の腕でひじ掛けをつかみにくいです。車いすのひじ掛けをつかむとき90度では遠くなるため車いすは斜めに置きます。看護師は患側である右側に立って介助します。第１１４回全国公開模擬試験にあります。,img/1-16.png,必修
1-17,整容について適切なのはどれか,活動意欲を高めることにつながる,行う時間は不規則でも構わない,重度の認知症の患者は整髪をしなくてもよい,利き腕にマヒがある患者の整容はすべて看護師が行う,正解：活動意欲を高めることにつながる\n患者の従来の生活時間を尊重し、できるだけ決まった時間に整容を行うことで生活のリズムが整うようになります。整容はすべての患者が日常的に行うことです。セルフケア能力に応じて可能な限り患者自身で整容を行えるように援助します。第１１４回全国公開模擬試験にあります。,img/1-17.png,必修
1-18,内視鏡の消毒薬はどれか,グルタラール,ベンザルコニウム塩化物,消毒用エタノール,ボビドンヨード,正解：グルタラール\n内視鏡の消毒には高水準の消毒薬が使用され、選択肢の中ではグルタラールが当てはまります。ベンザルコニウム塩化物は低水準の消毒薬で、消毒用エタノール、ボビドンヨードは中水準消毒薬です。第１１４回全国公開模擬試験にあります。,img/1-18.png,必修
1-19,中心静脈栄養法で正しいのはどれか,急な発熱はカテーテルからの感染を疑う,カテーテルの挿入部位は大腿静脈が最も多い,カテーテル挿入部を覆うドレッシング材は毎日交換する,持続的栄養投与により血糖値が安定する,正解：急な発熱はカテーテルからの感染を疑う\n中心静脈栄養法は長期にわたるため患者の動作の不便や感染リスクが少ないなどの理由から鎖骨下静脈からの挿入が最も多いです。穿刺時の乳び胸のリスクを避けるために右側が選択されることが多いです。挿入部の観察は毎日必要であるがドレッシング材の交換は滅菌ガーゼの場合は2日後と、滅菌透明フィルムの場合は少なくとも7日ごとの交換が推奨されます。高濃度の糖液を点滴することによって高血糖になりやすいため定期的に血糖値や尿糖の測定が必要です。第１１４回全国公開模擬試験にあります。,img/1-18.png,必修
1-20,静脈血採血での駆血帯の使用法で正しいのはどれか,駆血帯は採決部位より7～10㎝中枢側に巻く,駆血帯の装着時間は5分以内とする,駆血帯を巻いた後は力を入れて手を握ってもらう,採血針を抜いてから駆血帯を外す,正解：駆血帯は採決部位より7～10㎝中枢側に巻く\n駆血帯の装着時間は1分以内とします。駆血時間が長くなると血液の濃縮などにより検査データに影響が生じる場合があります。母指を中にして手を軽く握ってもらい、力を入れてもらう必要はありません。駆血帯をつけたまま抜針すると血液が抽出するため駆血帯を外してから採血心を抜きます。第１１４回全国公開模擬試験にあります。,img/1-20.png,必修
1-21,ボール型酸素流量系の目盛りの見方で正しいのはどれか,ボールの中心を見る,ボールの下縁を見る,ボールを上から中央に向けてみる,ボールを下から上縁に向けてみる,正解：ボールの中心を見る\nボール型の場合は浮子の中心と同じ高さでメモリを読みます。駒形の場合は浮子の上縁を読みます。第１１４回全国公開模擬試験にあります。,img/1-21.png,必修
1-22,自動体外式除細動器による電気的除細動の適応となるのはどれか,心室細動,房室ブロック,洞不全症候群,心室性期外収縮,正解：心室細動\n自動体外式除細動器は心房や心室の収縮が頻回、不規則、無秩序に起こって心臓の機能が障害されている場合、心臓に電気ショックを与えることにより心臓の移乗興奮を一気に抑制し、洞調律の回復を促す機器です。房室ブロックは徐脈性不整脈ではあるが無秩序な心臓収縮ではないためＡＥＤの適応とはなりません。洞不全症候群は洞結節の機能障害のために著しい洞性徐脈、洞停止、または洞性頻脈を起こす病態です。ＡＥＤの適応とはなりません。心室性期外収縮は心室筋で異常な電気興奮が発生するために生じる不整脈です。ＡＥＤの適応とはなりません。第１１４回全国公開模擬試験にあります。,img/1-22.png,必修
1-23,創傷の治療過程で線維芽細胞により肉芽組織が形成される時期はどれか,増殖期,炎症期,成熟期,乾燥期,正解：増殖期\n創傷期の治癒過程は出血凝固期、炎症期、増殖期、成熟期の順で進みます。炎症期は好中球やマクロファージが細菌や壊死組織を分解・貪食し、創を正常化する時期です。成熟期は創の上皮化が終了した後コラーゲン繊維芽変化して瘢痕組織となる時期です。創傷の治療過程に乾燥機はありません。第１１４回全国公開模擬試験にあります。,img/1-23.png,必修
1-24,キュプラーロスの死にゆく人の心理過程の順で正しいのはどれか,否認、怒り、取引、抑うつ、受容,否認、抑うつ、怒り、取引、受容,否認、取引、抑うつ、怒り、受容,怒り、取引、否認、抑うつ、受容,怒り、抑うつ、取引、否認、受容,正解：否認、怒り、取引、抑うつ、受容\n否認とは死ぬことが受け入れられず打ち消そうとする段階です。怒りとはなぜ自分が死ななければならないのか怒りを持つ段階です。取引とは死なずに済むなら何かにすがろうと取引を考える段階です。抑うつは何もできなくなり、うつ状態になる段階です。受容は最終的に自分が死にゆくことを受け入れる段階です。第１１４回全国公開模擬試験にあります。,img/1-24.png,必修
1-25,特定健康診査の項目に当てはまるのはどれか,中性脂肪,脈拍,肺活量,視力,正解：中性脂肪\n特定健康診査は医療保険に加入している40～74歳のものを対象として毎年実施されます。内臓脂肪型肥満に着目した検査項目となっています。基本的な検査項目として、身体計測、血圧測定、脂質検査、肝機能検査、血糖検査、尿検査です。第１１４回全国公開模擬試験にあります。,img/1-25.png,必修

2-1,骨の構造と機能で正しいのはどれか,緻密室には骨の趙軸方向に走るハバース管がある,黄色骨髄は造血を行う,骨内には血管や神経はない,成人では長管骨にのみ造血機能がある,正解：緻密室には骨の趙軸方向に走るハバース管がある\n骨辞意は海面室及び髄注の隙間を満たしています。骨髄のうち造血機能のあるものを赤色骨髄といい黄色骨髄は脂肪に富むため造血機能はありません。新生児ではすべての骨髄が赤色骨髄であるが、そのほとんどは年齢とともに造血機能を失い成人の赤色骨髄は胸骨や椎骨など一部の骨にのみ残ります。第１１４回全国公開模擬試験にあります。,img/2-1.png,人体
2-2,嗅上皮の表面を覆う粘膜を分泌する腺はどれか,ボウマン腺,エクリン腺,アポクリン腺,バルトリン腺,正解：ボウマン腺\nエクリン腺は汗孔に開口する感染です。全身に分布し体温調節に関与します。アポクリン腺は汗腺の一つで腋窩や外陰部など分布するところが限られています。毛包に開口しています。カウパー腺は男性生殖器に存在する腺で尿道球腺です。バルトリン腺は女性生殖器に存在する腺で大前庭腺です。第１１４回全国公開模擬試験にあります。,img/2-2.png,人体
2-3,大腸で正しいのはどれか,水を吸収する,大腸液は酸性である,大腸内面には絨毛がある,上行結腸には腸間膜がある,正解：水を吸収する\n大腸液はアルカリ性です。内面に絨毛があるのは小腸です。腸間膜があるのは横行結腸とＳ字結腸です。虫垂が開口するのは盲腸です。第１１４回全国公開模擬試験にあります。,img/2-3.png,人体

3-1,モルヒネの副作用で正しいのはどれか,呼吸抑制,易感染傾向,高血糖,第８脳神経障害,正解：呼吸抑制\n易感染傾向や高血糖はステロイド性抗炎症薬などで見られる副作用です。第８脳神経障害はアミノグリコシド系抗菌薬で見られる副作用です。モルヒネの副作用には呼吸抑制のほかに悪心、嘔吐、便秘などがあります。第１１４回全国公開模擬試験にあります。,img/3-1.png,疾病
3-2,成人の頭部CT画像において鞍上部周囲に人手が他の高吸収域が認められている。この状態の患者が急性期に発症する主な症状はどれか,突然の激しい頭痛,歩行障害,精神活動の低下,尿失禁,正解：突然の激しい頭痛\n精神活動の低下、尿失禁は正常圧水頭症でよく見られる症状です。くも膜下出血の慢性期にはくもまっ架空における脳脊髄液准看・吸収障害によって脳室が拡大し、合併症として続発性正常圧水頭症を発症することがあります。くも膜下出血の急性期では「バットで殴られたような」突然の激しい頭痛などの症状が認められます。雲真っ赤出家腕は他に悪心、嘔吐、意識障害、けいれん、うっ血乳頭の出現といった頭蓋内圧亢進症や後部硬直、ケルニッヒ徴候陽性などの髄膜刺激症状などが見られます。第１１４回全国公開模擬試験にあります。,img/3-2.png,疾病が患者・家族に与える心理・社会影響の説明で適切なのはどれか
3-3,肺がんについて正しいのはどれか,日本では小細胞がんに比べて腺がんが多い,小細胞がんの増殖速度は緩脈である,大細胞がんでは扁平上皮への分化が見られる,腺がんは肺門部に好発する,正解：日本では小細胞がんニッ比べて腺がんが多い\n小細胞がんは増殖、信仰の早い肺がんであり、転移もしやすいです。大細胞がんは非小細胞がんのうち腺上皮や扁平上皮への分化が見られないものをいいます。洗顔は肺や末梢部に好発します。第１１４回全国公開模擬試験にあります。,img/3-3.png,疾病

4-1,ノーマライゼーションの理念に最も近いのはどれか,高齢者、障碍者等の移動等の円滑化の促進に関する法律,健康日本21,がん対策推進基本計画,トータルヘルスプロモーションプラン,正解：高齢者、障碍者等の移動等の円滑化の促進に関する法律\nノーマライゼーションとは障害者や高齢者など社会的に不利になりやすい人がほかの人と同じように生活し、活動する社会が正常な姿であるとする考え方です。様々な法律に反映されています。健康日本21は、国民の健康を守り、生活の質を高めるための基本計画です。がん対策推進基本計画はがんの予防・早期発見・治療を目的としています。トータルヘルスプロモーションプランは、健康と福祉を総合的に推進する計画です。第１１４回全国公開模擬試験にあります。,img/4-1.png,社会
4-2,健康寿命の説明で正しいのはどれか,健康上、日常生活に規制のない期間,健康格差による寿命の差,０歳の平均余命,平均寿命,正解：健康上、日常生活に制限のない期間\n健康格差とは地域や社会経済状況の違いによる集団における健康状態の差のことです。健康格差の縮小に三桁取り組みを行っていくうえで健康寿命が最も重要な指標となります。平均余命とは該当年齢の時にあと何年生きることができるかの平均を示したものであります。すなわち0歳の平均余命とは平均寿命を指します。第１１４回全国公開模擬試験にあります。,img/4-2.png,社会
4-3,学校保健安全法に規定されているのはどれか,毎学年定期に児童生徒の健康診断を実施する,学校で給食を実施する,学校で体育を充実させる,学校で環境教育を推進する,正解：毎学年定期に児童生徒の保険診断を実施する\n学校での給食の実施は学校給食法に規定されています。学校給食法は学校給食及び学校給食を活用した食に関する指導の実施に関し、必要な事項を定め学校給食の普及充実及び学校における食育の推進を図ることを目的としています。学校での体育の充実はスポーツ基本法に規定されています。スポーツ基本法に基づき文部科学大臣が定めるスポーツに関する施策の総合的かつ計画的なス指針を図るための重要な指針として令和4年に第3期スポーツ基本計画が策定されます。学校での環境教育の推進は環境教育等による環境保全の取り組みの促進に関する法律により規定されています。この法律では環境教育とは持続可能な社会の構策を目指して、家庭、学校、職場、地域その他のあらゆる場において環境と社会、経済及び文化とのつながりその他環境の保全に土江の理解を深めるために行われる環境の保全に関する教育及び学習をいうと規定されています。第１１４回全国公開模擬試験にあります。,img/4-3.png,社会

5-1,健康の概念で正しいのはどれか,障害を持っていてもその人なりの健康がある,地域や文化による影響は少ない,健康と不健康とは不連続である,身体的健康が最も重要である,正解：障害を持っていてもその人なりの健康がある\nＷＨＯでは健康とは身体的・精神的及び社会的に完全に安寧を保っている状態をいうのであって単に病気や虚弱でないことではないと唱えられています。地域や文化が変われば健康の概念も変わります。健康と不健康ははっきり区別できず、連続的な関係です。第１１４回全国公開模擬試験にあります。,img/5-1.png,基礎
5-2,根拠に基づいた看護で最も正しいのはどれか,最適な医療の実践のために用いる,既存の看護業務基準を遵守する,先輩看護師の行動を模倣する,最適な医療の実施のために用いる,看護研究の推進のために用いる,正解：最適な医療の実施のために用いる\n根拠に基づいた看護はこれまで経験的知識で支えられてきたケア技術を研究によって得られたデータで裏付けしようとすることで最適な医療の実施を行うことを目的の一つとしています。看護研究の推進はEBNを明らかにする方法の一つであり現在では看護学とガン後実践が一丸となって目指すスローガンともなっている。第１１４回全国公開模擬試験にあります。,img/5-2.png,基礎
5-3,安静時におけるバイタルサインで異常と判断されるのはどれか,乳児　呼吸数50回/分,新生児　体温37.3度,60歳男性　心拍数70回/分,75歳女性　診察室血圧120/84ｍｍHg,正解：乳児　呼吸数50回/分\n正常な新生児の体温は36.5度～37.5度です。正常な乳児の呼吸数は30～40回/分であり50回/分は異常です。正常な成人の心拍数は60～80回/分です。診察室血圧の高血圧の基準は高齢者においても収縮期血圧140ｍｍHg異常、拡張期血圧90mmHg異常です。第１１４回全国公開模擬試験にあります。,img/5-3.png,基礎
5-4,温罨法の適応で正しいのはどれか,発熱時の悪寒,絞扼性腸閉塞による腹痛,痛風発作による疼痛,子宮復古不全時の子宮収縮,正解：発熱時の悪寒\n絞扼性腸閉塞では温罨法を行う腸蠕動運動が亢進し、腸管破裂のリスクがあるため禁忌です。痛風発作時は冷罨法を行い、疼痛緩和を図ります。子宮復古不全時は冷罨法を行うと子宮収縮が改善されます。第１１４回全国公開模擬試験にあります。,img/5-4.png,基礎
5-5,尿失禁の種類と対応の組み合わせで正しいのはどれか,腹圧性尿失禁ーーー骨盤底筋訓練,切迫性尿失禁ーーー下腹部へ軽く刺激を加える,溢󠄀流性尿失禁ーーートイレへの誘導,機能性尿失禁ーーー間欠的自己導尿,正解：腹圧性尿失禁ーーー骨盤底筋訓練\n切迫性尿失禁は脳血管障害などが原因となり、突然尿意を催し、尿失禁が起こります。徐々に排尿感覚を伸ばす膀胱訓練によって改善が見られます。溢流性尿失禁は前立腺肥大症などで尿閉が起こり、棒降圧の上昇とともに尿が漏れ出て失禁が起こる。疾病の治療によって改善がみられます。機能性尿失禁は認知症やＡＤＬ障害がありトイレの場所が理解できなかったり、排尿動作ができないことにより尿失禁が起こります。適時トイレ誘導などを行う必要があります。第１１４回全国公開模擬試験にあります。,img/5-5.png,基礎
5-6,運動習慣が身体に与える影響で正しいのはどれか,基礎代謝量の増加,耐糖能の低下,一回心拍出量の減少,肺活量の減少,正解：基礎代謝量の増加\n耐糖能とは血糖値が高いときに血糖値を正常に戻す働きです。運動習慣により耐糖能は上昇します。運動習慣により一回心拍出量は増加します。運動習慣により呼吸筋が鍛えられ呼吸機能が高まり肺活量は増加します。第１１４回全国公開模擬試験にあります。,img/5-6.png,基礎
5-7,CT検査で造影剤を使用することになった。もっと重篤なアレルギー症状はどれか,呼吸困難,蕁麻疹,注入時の熱感,嘔吐,正解：呼吸困難\n造影CT検査はヨード造影剤を静脈内注射して画像にコントラストをつけ、特定の臓器を映し出す方法です。造影剤によるアレルギー症状が起こる危険性があるため、患者の注意深く観察する必要があります。軽度のアレルギー症状では非心、蕁麻疹、嘔吐、吐き気、頭痛、注入時の発熱、冷や汗などがあります。重篤なアレルギー症状では呼吸困難、血圧低下、意識障害、心停止などがあります。第１１４回全国公開模擬試験にあります。,igm/5-7.png,基礎
5-8,血糖自己測定で正しいのはどれか,使用済みの採血心はリキャップしない,静脈血採血が必ず必要である,毎回同じところを穿刺する,血糖の測定時間は患者が決める,正解：使用済みの採血心はリキャップしない\n血糖自己測定は一般に指先を穿刺し、実施します。近年では穿刺時の痛みの配慮から腕や大腿での測定が可能な機器などが開発され患者の生活形式に適した危機を選択できるようになっています。毎回同じところを穿刺すると皮膚が硬くなり採血しにくくなります。血糖自己測定の目的は惟日にの血糖値変化を把握することと、血糖が食事、運動、ストレスなどで大きく変動するためそれらの影響の程度を把握することにあります。そのため基本的には食事の前後や就寝前などに測定することが多いが個人差も大きいため測定結果をもとに主治医と測定時間を決めていきます。第１１４回全国公開模擬試験にあります。,img/5-7.png,基礎
5-9,医療にかかわる職種とその業務の組み合わせで最も適切なのはどれか,言語聴覚士ーーー嚥下訓練,社会福祉士ーーー装具の身体への適合,臨床工学士ーーー義歯の作成,介護支援専門員ーーー作業療法,正解：言語聴覚士ーーー嚥下訓練\n装具の身体への適合は義肢装具士の主な業務です。社会福祉士の主な業務は社会福祉の立場が患者や家族の抱える心理的・社会的な問題の解決・調整を援助し、退院調整や社会復帰の促進を図ることです。義歯の作成は歯科技工士の主な業務です。臨床工学技士の主な業務は医師の具体的な指示を受け診療の補助都市て厚生労働省で定める生命維持管理装置の操作及び保守検査を行うことです。介護支援専門員の主な業務は介護サービスの給付計画を作成し、他の介護サービス事業里の連携・調整などの取りまとめを行ことです。作業療法は作業療法士の主な業務で身体または精神に障害のあるものに対し主としてその応用的動作能力、社会適応能力の回復を図るため様々な作業を行わせることです。第１１４回全国公開模擬試験にあります。,img/5-8.png,基礎

6-1,成人の身体的特徴で正しいのはどれか,40歳ころから目の遠近調節機能の低下を自覚する,女性では20歳代から骨量が急激に減少する,結晶性知能は25歳ごろをピークにその後徐々に低下する,胸腺は加齢とともに肥大する,正解：40歳ころから目の遠近調節機能の低下を自覚する\n女性は閉経後にエストロゲンが関係し骨量が急激に減少します。結晶性知能は経験の積み重なにより向上し高齢になっても維持されるといわれます。流動性知能は加齢に伴い低下します。胸腺の重量は思春期をピークにその後は徐々に減少し、成人期では萎縮が進行します。第114回全国公開模擬試験にあります。,img/6-1.png,成人
6-2,58歳女性。二年前からパーキンソン病と診断され内服治療を継続している。今回起立時にバランスを崩し転倒により頭部を打撲したため入院することとなった。検査の結果頭部に異常所見はなく骨折も認められなかった。入院二日後歩行リハビリテーションが開始となった。握力が弱く指先が変形している。適切な歩行補助具はどれか,サークル型歩行器,シルバーカー,固定型歩行器,松葉杖,正解：サークル型歩行器\nサークル型歩行器は肘で支えて動かすことができるため握力が少ない人には適しています。ただし、突進歩行の症状が強くみられる場合は止まりにくくなるため注意が必要です。シルバーカーはレバーを握りながら進みブレーキ操作も必要であるため握力が必要となります。固定型歩行器は両手で持ち上げ、前進するため筋力が必要となります。松葉図絵は左右どちらかの足の骨折や靭帯損傷などの場合に患側に負荷がかからないように使用します。第１１４回全国公開模擬試験にあります。,img/6-2.png,成人
6-3,胃切除術後の合併症について正しいのはどれか,ダンピング症候群の予防の為食事中の水分摂取を控える,ダンピング症候群による低血糖は食後３０分以内に起こりやすい,低血糖の予防の為糖質の摂取を増量する,貧血予防の為ビタミンDを投与する,正解：ダンピング症候群予防の為食事中の水分摂取を控える\nダンピング症候群は摂取した食物が急速に小腸内へ流入するために起こります。水分によって食物が一気に省庁に流し込まれないよう食事中の水分摂取は控える必要があります。食後３０分以内に起こりやすい早期ダンピング症候群は迷走神経反射、循環血液量減少による血圧低下や腸蠕動の亢進による腹痛・下痢など様々ン症状が起こります。低血糖症状を引き起こすのは後期ダンピング症候群です。後期ダンピング症候群は小腸内で食物が急速に吸収されることによるインスリンの過剰分泌によっておこります。インスリンの作用はしばらく持続するため食後２～３時間経過したころに低血糖となります。糖質制限食にすることはにより後期ダンピング症候群の予防ができます。ダンピング症候群の予防には一回の食事量を減らし５～６回/日の分割食とすることが推奨されます。胃切除による貧血予防にはビタミンB12の投与が有効です。第１１４回全国公開模擬試験にあります。,img/6-3.png,成人
6-4,慢性膵炎患者への生活指導で適切なのはどれか,禁酒・禁煙をするよう指導する,代償期では高脂肪食を推奨する,食欲があるときは消化酵素薬を中止してもよいと伝える,できるだけ安静にすることを推奨する,正解：禁酒・禁煙をするよう指導する\n慢性膵炎の第笑気では腹痛の治療が中心となり、ヒダイ笑気では消化吸収障害や内分泌機能障害に対する治療が必要となります。脂肪は水害分泌刺激作用が最も強い栄養素です。高脂肪食の摂取により腹痛が誘発されるため、代償期には低脂肪食が推奨されます。慢性膵炎では膵液の消化酵素の分泌が低下し、消化吸収障害が生じやすいです。消化吸収障害による脂肪便や体重減少が見られる場合は消化酵素薬が処方されます。食後すぐに内服できように指導することが大切です。急性膵炎では禁酒・禁煙指導が悪化予防の為に必要です。第１１４回全国公開模擬試験にあります。,img/6-4.png,成人
6-5,腎機能検査で正しいのはどれか,糸球体でのろ過機能が低下すると血清クレアチニン値は上昇する,尿の濃縮力が低下すると尿比重は上昇する,糸球体濾過性が低下すると蛋白尿が見られる,糸球体でのろ過機の鵜が低下すると推算糸球体ろ過量は上昇する,正解：糸球体での濾過機能が低下すると血清クレアチニン値は上昇する\n尿の濃縮力が低下すると希釈尿となり、尿比重は低下します。正常な膵臓では血液中のたんぱく質は子宮体でろ過されないため、正常尿にはたんぱく質は含まれません。糸球体透過性が亢進するとたんぱく質が糸球体でろ過されてしまい蛋白尿となります。ネフローゼ症候群、慢性糸球体腎炎などで糸球体透過性が亢進します。推算糸球体ろ過量は血清クレアチニン値、性別、年齢により算出されます。濾過機能が低下すると推算糸球体ろ過量は低下します。第１１４回全国公開模擬試験にあります。,img/6-5.png,成人
6-6,膀胱鏡検査で適切なのはどれか,無菌操作で行う,検査時の体位は骨盤高位である,内視鏡挿入時は息を止めてもらう,検査後１時間は水分摂取を制限する,正解：無菌操作で行う\n膀胱鏡検査とは、尿道から内視鏡を挿入し、ｊ暴行の炎症や腫瘍、結石などを観察する検査のことです。腫瘍が疑われるときにはその部分の組織を採取する生検が行われます。膀胱鏡検査は砕石位、仰臥位で行います。粘膜刺激をやわらげスムーズに挿入するために内視鏡挿入時には口呼吸を促し腹圧がかからないようにする。検査後は内視鏡挿入による刺激のため少量の出血や排尿痛、残尿感などが見られることがあります。数日で治りますが、その間は尿路感染予防の為循環機能に特に問題がなければ、1.5～2Ｌ/日の水分摂取を促します。第１１４回全国公開模擬試験にあります。,img/6-6.png,成人
6-7,38歳女性。子宮頸がんのため広汎子宮全摘出術を受け子宮付属器も摘出した。術後に排尿障害が見られたため、肝的導尿の指導を受け退院することになった。Ａさんの退院後の生活について看護師の説明で正しいのはどれか,尿の混濁や背部痛があったら受診しましょう,今後、更年期の症状は心配ありません。,2年間は性行為を避けてください,尿の混濁や背部痛があったら受診しましょう,正解：尿の混濁や背部痛があったら受診しましょう\n子宮広汎摘出術は女性ホルモンが摘出されなくなるため更年期で見られるような症状が出現しやすいです。医師の診察により問題がなければ通常術後一か月程度で性行為が再開できます。尿路感染予防の為1.5～2Ｌ/日の水分摂取をすすめます。広汎子宮全摘手術後は下肢のリンパ浮腫が起こりやすいがリンパ浮腫の悪化予防としてスキンケア、肥満予防、下肢の挙上などについて指導します。第１１４回全国公開模擬試験にあります。,img/6-7.png,成人

7-1,手段的日常生活動作に含まれるのはどれか,家事,入浴,整容,排泄,正解：家事\n手段的日常生活動作とは日常生活を起こるために必要な高次動作を指します。具体的には買い物洗濯料理などの家事全般から金銭管理、服薬管理、交通機関の利用などがあげられます。更衣、整容、入浴、食事、排泄などは基本的日常生活動作に該当します。第１１４回全国公開模擬試験にあります。,img/7-1.png,老年
7-2,高齢者の皮膚の特徴で正しいのはどれか,ターンオーバー時間の延長,温度覚の閾値の低下,皮膚の弾力性の増加,皮脂膜の形成の亢進,正解：ターンオーバー時間の延長\n高齢者では温度覚の閾値は上昇し、感覚機能も鈍くなります。真皮を構成する膠原繊維や弾力繊維が変性・萎縮を来し、弾力性が失われ、しわやたるみを生じます。加齢に伴う皮脂・汗の分泌低下により皮脂膜の形成は減弱します。第１１４回全国公開模擬試験にあります。,img/7-2.png,老年
7-3,高齢者に対する肯定的エイジズムに当てはまるのはどれか,高齢者の医療費減税制度,年齢による運転免許の返納,高齢者を頑固だと決めつける,いい年をして服装が派手だという,正解：高齢者の医療費減税制度\nエイジズムとは年齢に対する変形や固定観念から生まれる年齢差別のことです。肯定的エイジズムとは年齢を理由に優遇されることです。否定的エイジズムは年を取っているという理由だけで生産性がないというレッテルを張り、社会の意思決定から高齢者を排除していこうとすることです。第１１４回全国公開模擬試験にあります。,img/7-3.png,老年
7-4,高齢者の睡眠の特徴はどれか,中途覚醒が増える,レム睡眠の時間が増える,単相性睡眠となる,寝床にいる時間が短い,正解：中途覚醒が増える\n高齢者では熟眠感に関係するレム睡眠の脳神経系の疲労回復に関係するノンレム睡眠の減少します。成人の単相性睡眠から多相性睡眠へと変化します。眠気がなくても床に就き朝目覚めても熟眠感がないためなかなか起床できないことが多いです。そのため若年より寝床にいる時間が長くなります。第１１４回全国公開模擬試験にあります。,img/7-4.png,老年
7-5,術後における高齢者のせん妄予防で適切なのはどれか,病室に時計やカレンダーを置く,術前のオリエンテーションは一度にまとめて行う,家族との面会を控えてもらう,手術前から臥床安静とし、体力を温存する,正解：病室に時計やカレンダーを置く\nせん妄は一時的な脳の機能的により身体のバランスを崩した状態です。高齢者は脳の老化によりせん妄状態になりやすいです。術前オリエンテーションでは一度にまとめて行うのではなく、数回に分けて患者の理解度を確認しながら進めていく必要があります。パンフレットなどを用いるとよりわかりやすく伝えることができ、不安を軽減することにつながります。家族との面会により精神的に安定しせん妄予防につながります。手術前から生活リズムを整えることが必要でｓう。昼間の過度な安静は活動不足を招き夜間不眠につながりやすいです。第１１４回全国公開模擬試験にあります。,img/7-5.png,老年
7-6,認知症の高齢者が避難所に避難するにあたって看護師の対応として適切なのはどれか,一緒に避難した家族へのケアを同時に行う,大部屋を用意し安心感を与える,回避している他の人に病状を説明しない,本人には災害の状況について説明しない,正解：一緒に避難した家族へのケアを同時に行う\n認知症の高齢者には小部屋や専用スペースを確保し、専門スタッフらと対談できるような時間や空間を確保します。また小部屋に家族やかをみしりの人がいることで落ち着きます。知らない人と大部屋ですぐすことで混乱し、周囲にも徘徊などで迷惑をかける場合があります。回避している地域住民が認知症の高齢者に対して理解があることが大切です。認知機能が滴下しているため災害の状況が理解できず混乱します。わかりやすい言葉で説明し、不安を和らげることが大切です。第１１４回全国公開模擬試験にあります。,img/7-6.png,老年

8-1,朝になると「頭が痛い」「調子が悪い」といい３０日以上学校を休み続けている小学６年生の子供に対する母親の対応として適切なのはどれか,子供に対する愛情を伝え見守りを励ましていく,学校にいけない理由を問い詰める,登校する気になるまでかかわりを避ける,勉強で役立つ動画やテレビを毎日見させる,正解：子どっもに対する愛情を伝え見守り励ましていく\n文部科学省では「何らかの心理的、情緒的、身体的あるいは社会的要因・背景により登校しないあるいはしたくともできない状況にあるために年間30日以上欠席したもののうち、病気や経済的な理由によるものを除いたもの」を不登校生徒と定義しています。不登校になるきっかけは、友人関係、学業、家庭環境、学校や社会とのかかわりにおける問題など様々なものがあり、単一ではなく複数の理由によるものが多いです。また近点では怠学や無気力などが要因で「悩んでいない」不登校も増加しています。不登校児へのかかわりで大切なのは子供に対して愛情をもって接し、学校等と密に連絡を取りながら温かく見守っていくことです。また、スクールカウンセラーへの相談や地域の適応指導教室の活用も検討します。第１１４回全国公開模擬試験にあります。,img/8-1.png,小児
8-2,女子中学生の外来受診において不安軽減のための支援として最も適切なのはどれか,診察後に話を聞く時間を設ける,主に付き添いの家族から状態を聴取する,常に扉を開けた状態で診察を行う,受診中の家族の付き添いを禁止する,正解：受信後に話を聞く時間を設ける\n学童期や思春期にはよりプライバシーの保護や羞恥心に配慮した支援が必要です。中学生であれば自分自身の状態を言葉にして説明できます。除法収集など必要時に付き添いの家族らも状態を聴取することが可能です。　扉を開けた状態での診察はプライバシーやは羞恥心への配慮がなされておらずより不安が高まります。診察に家族の付き添いを一概に禁止するのではなく受診した女子中学生や家族の希望を聴取したうえで対応します。第１１４回全国公開模擬試験にあります。,img/8-2.png,小児
8-3,令和3年度の福祉行政報告例における児童虐待で正しいのは度どれか,児童相談所が対応した児童虐待相談件数は増加傾向にある,虐待の相談で最も多いのは身体的虐待である,主な虐待者で最も多いのは実父である,報告先に報告先に保健所がある,正解：児童相談所が対応した児童虐待相談件数は増加傾向にある\n相談種別にみると心理的虐待が60％と最も多く次いで身体的虐待が23％となっています。主な虐待者別構成で見ると実母が47％と最も多く次いで実父が41％となります。児童虐待防止等に関する法律において虐待の報告先として児童相談所、福祉事務所、市町村が看取られています。保健所は含まれません。第１１４回全国公開模擬試験にあります。,img/8-3.png,老年
8-4,6歳女性アデノイド増殖症で扁桃摘出術を受けた。手術当日の看護で適切なのはどれか,唾液や喀痰は飲み込まず吐き出させる,頸部を保温する,創部痛は我慢させる,筆談でコミュニケーションをとる,正解：唾液や喀痰は飲み込まず吐き出させる\nアデノイドの生理的な増殖肥大に面性炎症などが加わり、病的に腫大したものをアデノイド増殖症といいます。出血防止のため、頸部は冷罨法を用います。保温は行いません。創部痛は我慢させず医師が処方した鎮痛薬を用います。声帯への手術ではないため、沈黙する必要はありません。王声で話すことは控えます。第１１４回全国公開模擬試験にあります。,img/8-4.png,小児

9-1,ルービン．Ｒにより提唱された母親への育児技術の伝達に適している時期はどれか,産褥2・3日～10日ごろ,産褥0日ごろ,産褥1～2日ごろ,産褥10以降,正解：産褥2・3日～10日ごろ\n母親として適応していく過程はルービンによって3つの段階が提唱されていおり、それぞれの時期の応じたサポートが必要である。育児技術の伝達に適した時期は保守期であり産褥2・3日～10日ごろです。第１１４回全国公開模擬試験にあります。,img/9-1.png,母性
9-2,25歳初産婦、本日7月1日妊娠30週の妊婦健康診査を受け母子ともに経過は順調であった。次回の受診日はどれか,7月15日,7月8日,7月22日,7月29日,正解：7月15日\n妊婦の定期健康診査の受診頻度は妊娠23週まではおおむね4週間に1回、妊娠24～35週まではおおむね2週間に1回、妊娠36週以後分娩までは1週間に1回であるため、妊娠30週では2週間後の受診が推奨されます。第１１４回全国公開模擬試験にあります。,img/9-2.png,母性
9-3,28歳初産婦、妊娠41週6日の昨日、分娩誘発目的で入院した。子宮収縮薬の投与を行ったものの有効陣痛とはならず、投与を中止したが、入院翌日午前3時から15分おきの規則的な陣痛が自然はつらいし、5時に8分おきになった。15時20分に子宮口全開大、16時10分に児出産、16時15分に胎盤を娩出した。分娩経過で正しいのはどれか,分娩所要時間は11時間15分である,正期産である,分娩開始は午前3時である,分娩第一期は12時間20分である,正解：分娩所要時間は11時間15分である\n正期産は妊娠37週から41週6日までをいい、42週0日以降は過期産となります。陣痛が10っ分おきに規則正しく起こるか、または一時間に6回の陣痛が起こるときをもって分娩開始となります。この方の分娩開始は8分おきになった午前五時です。分娩第一期とは分娩開始から子宮口全開大までです。この方の場合は5時から15時20分までの10時間20分です。分娩所要時間とは分娩第一期から分娩第三期までの所要時間の合計です。第１１４回全国公開模擬試験にあります。,img/9-3.png,母性
9-4,新生児の呼吸の特徴で正しいのはどれか,周期性呼吸が見られる,ガス交換能力は成人と同じである,胸式呼吸である,強制的口呼吸である,正解：周期性呼吸が見られる\n新生児の新陳代謝は成人の約三倍ですが代謝の上昇に対応するためのガス交換能力は成人の約1/6と低いため、運動や発熱などで代謝行進が起こると容易に呼吸不全で陥りやすいです。新生児は横隔膜が上下することで換気を行う横隔膜優位の腹式呼吸を行っています。そのため、腹部膨満が起こると横隔膜運動を妨げ、呼吸状態に影響を与えます。新生児が口呼吸をするのは啼泣時のみであり、主に鼻呼吸を行っています。そのため分泌物貯留や鼻腔粘膜の腫脹による鼻腔狭窄・閉塞は呼吸状態に影響を与えます。第１１４回全国公開模擬試験にあります。,img/9-4.png,母性

10-1,危機介入で正しいのはどれか,患者の感情表出を促す,患者の新たなコーピング行動の習得は不要である,長期的な援助方法を主とする,人的資源の活用は含まない,正解：患者の感情表出を促す\n危機介入とは現在危機状態にある人々への問題解決に働きかけ、短期的・即応的・集中的にアプローチし、患者自身が問題を解決するための新しい対応能力を獲得し成長していけるよう援助することです。第１１４回全国公開模擬試験にあります。,img/10-1.png,精神
10-2,精神障碍者のレジリエンスで正しいのはどれか,困難に対して回復していく力である,治療方針の決定に散瞳し、積極的に治療を受けることである,主に薬物療法によって高められる,治療を目的とした働きかけである,正解：困難に対して回復していく力である\n治療方針の決定に散瞳し、積極的に治療を受けることはアドヒアランスです。精神障害者のレジリエンスは障害を背負った時にそれをはね返す力やその状態を抱えながら生活を取り戻していく回復力を指します。安定した人間関係や生活習慣、自己理解、社会とのかかわりによって高められることができ直接的に治癒を目的としたものではありません。第１１４回全国公開模擬試験にあります。,img/10-2.png,精神
10-3,統合失調症に最も用いられているのはどれか,作業療法,理学療法,内観療法,精神分析療法,正解：作業療法\n理学療法とは病気、けが、高齢、障害などにより身体機能が低下した状態にある患者に対し、身体機能の維持、改善を目的として行う療法のことです。内観療法とは本来修養法として開発された手法を医療・臨床心理的目的のために用いる療法で森田療法とともに日本で生まれた精神療法の一つです。主に神経症性障害に用いられます。精神分析療法はフロイトにより創設された両方で心にうかんだことをそのまま話させる自由連想法を手技とする主に神経症性障害に用いられます。精神疾患に対する作業療法とは作業活動を通じて自己実感、感情のコントロール、人間関係を学ぶ療法です。第１１４回全国公開模擬試験にあります。,img/10-3.png,精神
10-4,自傷行為のある入院患者の看護で適切なのはどれか,患者とともに持ち物の確認を行う,自傷行為が生命に危険を及ぼすことはないため介入は不要である,自殺に関する話題は避ける,内服薬の管理は患者に任せる,正解：患者とともに持ち物の確認を行う\n自傷行為は爪や指先を噛む、ひっかくなどの行為からリストカットやオーバードーズなど様々であり、生命に危険が及ぶ行為も少なくないため注意深く介入しておくことが必要です。自殺念虚や自傷行為のある患者に対してはTALKの原則を用いた接し方が提唱されています。過量服薬によって生命に危険が及ぶこともあります。自己管理を促すかかわりは必要であるが、状態によって内服薬は数日分を一度に渡さず、毎日服薬の状況を確認するなど医療従事者による管理が必要です。第１１４回全国公開模擬試験にあります。,img/10-4.png,精神

11-1,訪問看護利用者の個人情報の取り扱いについて訪問看護師の対応で最も適切なのはどれか,連携する各所で個人情報を相互に利用する場合は利用者の許可を得る,隣人に利用者の家族状況を伝えて協力を依頼する,宅配行者に利用者の病名を伝えて配慮を依頼する,訪問看護報告書を市町村に提出する,正解：連携する各所で個人情報を相互利用する場合は利用者の承諾を得る\nインフォーマルサポートとして近隣住民の協力が必要な場合もあるが個人情報の第3社への提供には原則として本人の同意が必要です。利用者の病名を第三者に伝えてはいけません。訪問看護報告書は主治医に提出します。第１１４回全国公開模擬試験にあります。,img/11-1.png,在宅
11-2,56歳男性、筋委縮性側索硬化症で要介護5の認定を受けている。気管切開下で人工呼吸器を装着し、在宅療養となったため訪問看護を利用している。Aさんは訪問看護師の助言により市の避難行動要支援者に登録した。災害発生時、非難する場所で適切なのは度どれか,福祉避難所,地区で排泄された避難所,介護医療院,近隣で受け入れ可能な病院,正解：福祉避難所\n福祉避難所は高齢者や障碍者、乳幼児その他特別な配慮を必要とするようなよう配慮者尾w受け入れるための設備・器材・人材を備えた避難所施設です。福祉避難所の確保・運営が井戸ラインによると福祉避難所の対象になるものは以下の通りです。身体障碍者（視覚障害者、聴覚障碍者、肢体不自由者）、知的障碍者、高齢者、人工呼吸器、酸素胸腔装置等を使用している在宅の難病患者、医療的ケアを必要とするもの、妊産婦、乳幼児、病弱者、傷病者などその及び家族が考えられます。なお、特別養護老人ホームまたは老人短期入所施設等の入所対象は該当施設で適切に対応される微期であるため原則として福祉避難所の受け入れ対象者とはなりません。第１１４回全国公開模擬試験にあります。,img/11-2.png,在宅,
11-3,78歳女性、一人暮らし、間接リウマチで在宅療養中であり、近所に住む娘の支援を受けながら要介護1で訪問看護を受け入れている。昨日、インフルエンザの診断を受けた。現在も発熱、倦怠感、咳嗽がある。訪問看護で最も適切な対応はどれか,ケアの前後に手洗いを実施する,訪問時にN95マスクを装着する,清拭の実施は見合わせる,ケアで使用した物品はすべて破棄処分する,正解：ケアの前後に手洗いを実施する\nインフルエンザは空気感染しないためサージカルマスクで問題ありません。発熱しているため、必要があれば手早くあるいは部分的に清拭を実施します。すべてを破棄処分する必要はありません。患者に使用したタオルなどは通常の選択をしてもらい、痰などの分泌物がついたティッシュなどは速やかに蓋のついたごみ箱などに破棄します。第１１４回全国公開模擬試験にあります。,img/11-3.png,在宅
11-4,80歳女性は息子夫婦と三人暮らしであり、脳梗塞による左片麻痺があり、主に息子の妻が介護を担当しながら在宅療養中である。現在、膀胱留置カテーテルを挿入しており障害高齢者の日常生活自立度編低基準ではランクC-2である。体位変換時の注意点で適切なのはどれか,状態を起こしたときは背抜きを実施する,ゆっくりと自分で向きを変えてもらう,30度左側臥位を維持する,体位変換時、カテーテルの屈曲などは気にしなくてよい,正解：状態を起こしたときは背抜きを実施する\n障害高齢者の日常生活自立度半的基準ではランクC-2（自力で寝返りを打つ）であるため、自力での体位変換は難しいです。原則として麻痺側を下にする体位は避けます。在宅療養中では膀胱留置カテーテルが挿入されていたり、在宅中心静脈栄養法が行われていたりすることが多いです。体位変換や移動の際はチューブ類などの屈曲や抜去に気を付ける必要があります。第１１４回全国公開模擬試験にあります。,img/11-4.png,在宅

12-1,看護マネジメントのプロセスで業務評価や情報処理労務管理を行うことに該当するのはどれか,統制,計画,組織化,指揮,正解：統制\n看護マネジメントは計画、組織化、指揮、統制の順に行われます。第１１４回全国公開模擬試験にあります。,img/12-1.png,統合
12-2,看護記録について正しいのはどれか,開示は医療機関の管理者に申し立てる,看護記録の保存期間は保健師助産師看護師法に認められている,看護記録の保管義務は初診日から2年である,閲覧できるのは患者本人のみである,正解：開示は医療機関の管理者に申し立てる\n看護記録は診療記録に該当し医療法施行規則により保存期間が二年と定められています。閲覧できるのは原則患者本人とするが患者本人から代理権を与えられた親族、患者が成人で判断能力に疑義がある倍は患者の世話をしている親族などが親族などが患者に代わって開示を求めることができます。第１１４回全国公開模擬試験にあります。,img/12-2.png,統合
12-3,災害現場におけるトリアージで最も適切なのはどれか,トリアージ実施者は原則として治療は行わずトリアージに専念する,右手首が欠損している人のトリアージタッグは手首につける,トリアージタッグの黄色は専門医の治療をほとんど必要としない保留群である,再度トリアージを行った場合は前のタッグを外してから新しいタッグをつける,正解：トリアージ実施者は原則として治療は行わずトリアージに専念する\nトリアージをつける部位の優先順位は右手首、左手首、右足首、左足首、頭部の順です。トリアージの黄色は今すぐ治療をしなくとも生命に危険のない待機治療群です。保留群は緑色です。再度トリアージを行い被災者の状態が重症化した場合は新たな色になるようにタッグのカラー部分をもぎり急記載部分を二重線手消して内容を追加します。軽症化した場合は球タッグに大きくバツ印をつけて新しいタッグを球タッグと同じ部位に就けます。第１１４回全国公開模擬試験にあります。,img/12-3.png,統合
12-4,災害サイクルの急性期における看護の主な活動はどれか,CSCATTT,感染症対策,廃用症候群予防,救援ネットワークの構築,正解：CSCATTT\n急性期は災害発生から72時間から1週間の期間を指します。感染症対策や廃用症候群の予防は亜急性期です。救援ネットワークの構築は災害の起きていない平穏期に行います。第１１４回全国公開模擬試験にあります。,img/12-4.png,統合
12-5,世界保健機関の活動内容はどれか,感染症対策,労働条件の改善,教育・科学・文化の発展,飢餓の撲滅,正解：感染症対策\n労働条件の改善や生活水準の向上は国際労働機関の活動内容です。教育・科学・文化の発展と推進派国際連合教育科学文化気候の活動内容です。飢餓の撲滅や十分な量と質の食糧の確保は国連食糧農業機構の活動内容です。第１１４回全国公開模擬試験にあります。,img/12-5.png,統合
